Date,Move Minutes count,Calories (kcal),Distance (m),Heart Points,Heart Minutes,Average heart rate (bpm),Max heart rate (bpm),Min heart rate (bpm),Low latitude (deg),Low longitude (deg),High latitude (deg),High longitude (deg),Average speed (m/s),Max speed (m/s),Min speed (m/s),Step count,Average weight (kg),Max weight (kg),Min weight (kg),Biking duration (ms),Inactive duration (ms),Walking duration (ms),Running duration (ms),Calisthenics duration (ms),Other duration (ms)
2021-10-19,9,152.29999923706055,,9.0,9,,,,,,,,,,,,,,,,,,,685770,
2021-10-20,15,206.899995803833,,15.0,15,,,,,,,,,,,,,,,,,,,993930,
2021-10-21,8,163.0,,8.0,8,,,,,,,,,,,,,,,,,,,582691,
2021-10-25,10,146.69999408721924,,10.0,10,,,,,,,,,,,,,,,,,,,715140,
2021-10-26,392,87.59999771416187,,392.0,392,,,,,,,,,,,,,,,,,,,23670167,
2021-10-27,22,438.3999900817871,,22.0,22,,,,,,,,,,,,,,,,,,,1802575,
2021-10-28,10,216.59999656677246,,10.0,10,,,,,,,,,,,,,,,,,,,799772,
2021-10-29,9,137.89999389648438,,9.0,9,,,,,,,,,,,,,,,,,,,610654,
2021-11-01,18,282.8999938964844,,18.0,18,,,,,,,,,,,,,,,,,,,1169383,
2021-11-17,7,85.5999984741211,,7.0,7,,,,,,,,,,,,,,,,,,,502317,
2022-02-01,,12.600000381469727,,,,,,,,,,,,,,,,,,,,,,30127,
2022-02-09,2,65.0999984741211,,2.0,2,,,,,,,,,,,,,,,,,,,180814,
2022-07-09,,308.7904406357363,,,,,,,,,,,,,,,,,,,,,,,
2022-07-10,,1478.6011962890625,,,,,,,,,,,,,,,,,,,,,,,
2022-07-11,2,1551.1002265144405,,2.0,2,,,,,,,,,,,,,,,,,,,181199,
2022-07-12,2,766.245772769295,,2.0,2,,,,,,,,,,,,,,,,,,,226802,
2022-07-13,,1478.6010352964568,,,,,,,,,,,,,,,,,,,,,,,
2022-07-14,6,1616.0170010178542,,6.0,6,,,,,,,,,,,,64.41011810302734,64.41011810302734,64.41011810302734,,,,,715634,
2022-07-15,21,1651.036336030653,429.80001878738403,8.0,8,,,,,,,,0.39263523311396553,1.1149574518203735,0.26389962434768677,981,,,,,,451783,,839625,
2022-07-16,15,1760.3627986507972,103.48636388778687,13.0,13,,,,,,,,0.2827394017844877,0.28274962306022644,0.2733246386051178,236,63.502933502197266,63.502933502197266,63.502933502197266,,,243116,,1217823,
2022-07-17,15,1551.6709424491771,371.16972064971924,5.0,5,,,,,,,,0.5417226051334205,1.0419378280639648,0.26720118522644043,706,,,,,,211930,,422375,
2022-07-18,19,1629.8558467614946,297.70886635780334,9.0,9,,,,,,,,0.45023508263735357,1.0269536972045898,0.2544746398925781,821,64.22867584228516,64.22867584228516,64.22867584228516,,,314565,,731664,
2022-07-19,17,1575.5671571335436,353.99066162109375,7.0,7,,,,,,,,0.3803050585440876,0.9561142325401306,0.28274959325790405,770,63.41221618652344,63.41221618652344,63.41221618652344,,,59297,,547005,
2022-07-20,17,1711.9483669092783,215.47118067741394,14.0,14,,,,,,,,0.2898227771715504,0.4784257411956787,0.28128084540367126,444,,,,,,222632,,1146079,
2022-07-21,3,1390.3720989471146,132.50075817108154,,,,,,,,,,0.3555176912175019,0.8137831091880798,0.2544746398925781,309,,,,,,,,,
2022-07-22,30,1500.3566756035225,921.912501335144,2.0,2,,,,,,,,0.5040840826807689,0.994988739490509,0.2544746398925781,1948,,,,,,774216,,191320,
2022-07-23,25,1456.6873627253158,998.2239291071892,1.0,1,,,,,,,,0.3713527497322006,1.3650022745132446,0.2544746398925781,1998,,,,,,1304318,,,
2022-07-24,6,1407.795904799986,289.4696125984192,,,,,,,,,,0.5149674718791923,0.9751241207122803,0.2544746398925781,849,,,,,,342698,,,
2022-07-25,14,1397.1453315149338,420.78839111328125,,,,,,,,,,0.3690461799914508,1.0891196727752686,0.28274959325790405,975,,,,,,133218,,,
2022-07-26,7,1413.163787798007,392.9042339324951,,,,,,,,,,0.44959648176437716,1.1012626886367798,0.2733246386051178,856,,,,,,448276,,,
2022-07-27,34,1436.1500210090276,1010.44395840168,,,,,,,,,,0.583013533060823,1.19486665725708,0.2625114619731903,1999,,,,,,900380,,,
2022-07-28,6,1393.4370680831908,222.87968397140503,,,,,,,,,,0.31974354775634045,0.6339677572250366,0.26389962434768677,600,,,,,,60282,,,
2022-07-29,15,1435.9605086186518,577.0307718515396,,,,,,,,,,0.3702511400405952,1.1937769651412964,0.2733246386051178,1354,,,,,,896653,,,
2022-07-30,34,1444.9605521892865,1166.7394244670868,,,,,,,,,,0.4316716200633518,1.4376733303070068,0.25609859824180603,2283,,,,,,1073671,,,
2022-07-31,29,1452.277760845546,1211.6709858179092,4.0,4,,,,,,,,0.6521500088686231,1.3964520692825317,0.25704512000083923,2306,,,,,,1076157,61981,,
2022-08-01,40,1455.192750938337,1644.9734165668488,11.0,11,,,,,,,,0.44618965736802035,1.2778778076171875,0.28100672364234924,2799,,,,,,1274922,,,
2022-08-02,1,1390.3721368731774,63.90141487121582,,,,,,,,,,0.31398017704486847,0.3452107310295105,0.28274962306022644,172,,,,,,,,,
2022-08-03,124,1761.210814284722,7090.638111710548,61.0,61,,,,,,,,0.8374843545740471,1.4438180923461914,0.2544746398925781,11695,,,,,,7293822,,,
2022-08-04,,1395.717436685528,,,,,,,,,,,,,,83,,,,,,105134,,,
2022-08-05,84,1646.9544877049314,3978.4714443683624,20.0,20,,,,,,,,0.7757697849211843,1.3194233179092407,0.26389962434768677,7040,,,,,,5046578,,,
2022-08-06,68,1578.7075124990452,3021.8465288877487,16.0,16,,,,,,,,0.47534136670697036,1.4219732284545898,0.26389962434768677,5271,,,,,,3704265,,,
2022-08-07,68,1589.9269172524976,3191.6739961504936,23.0,23,,,,,,,,0.3863531754195536,1.8570421934127808,0.26474684476852417,5443,,,,,,3924932,,,
2022-08-08,3,1390.3721168594577,142.50581169128418,,,,,,,,,,0.37536117209989955,0.4864172339439392,0.28274959325790405,343,,,,,,,,,
2022-08-09,7,1404.027968588235,153.25029468536377,,,,,,,,,,0.29358370480223367,0.6360421180725098,0.28274959325790405,412,,,,,,268589,,,
2022-08-10,2,1393.8238314362595,91.04537963867188,,,,,,,,,,0.3359384989499599,0.3898714482784271,0.28274959325790405,363,,,,,,67889,,,
2022-08-11,3,1411.616185864994,106.31385803222656,,,,,,,,,,0.3066098889629975,0.5132787823677063,0.28274962306022644,311,,,,,,93822,141996,,
2022-08-12,,1390.3721025782086,20.357973098754883,,,,,,,,,,0.2867319881916046,0.2867319881916046,0.2867319881916046,146,,,,,,,,,
2022-08-13,66,1566.5831110572035,2843.751386284828,14.0,14,,,,,,,,0.47644369754882687,1.398173213005066,0.2733246386051178,4859,,,,,,3465796,,,
2022-08-14,,1390.37220652266,30.50916862487793,,,,,,,,,,0.28274962306022644,0.28274962306022644,0.28274962306022644,128,,,,,,,,,
2022-08-15,1,1390.3721211664315,10.251405715942383,,,,,,,,,,,,,74,,,,,,,,,
2022-08-16,4,1405.538913024529,100.0933666229248,,,,,,,,,,0.3101416068533047,0.44731414318084717,0.28274959325790405,197,,,,,,298307,,,
2022-08-17,86,1570.9202552877866,3865.663137435913,25.0,25,,,,,,,,0.5211338565611796,1.5846580266952515,0.28274959325790405,6616,,,,,,3551101,,,
2022-08-18,2,1390.3721220903544,66.16341209411621,,,,,,,,,,0.38467731812593065,0.5058955550193787,0.285940557718277,245,,,,,,,,,
2022-08-19,3,1396.276882139919,105.74835968017578,,,,,,,,,,0.3852759908145888,0.5163090825080872,0.28274959325790405,250,,,,,,116136,,,
2022-08-20,59,1547.7390281588525,2922.518021583557,22.0,22,,,,,,,,0.38974706672042303,1.5899235010147095,0.2544746398925781,4877,,,,,,3095164,,,
2022-08-21,,1394.4123036794417,49.76393222808838,,,,,,,,,,0.2734475794458617,0.39358243346214294,0.26389962434768677,128,,,,,,79465,,,
2022-08-22,4,1403.2214581434414,119.32034301757812,,,,,,,,,,0.6924558198208722,0.7912212014198303,0.28274962306022644,286,,,,,,252727,,,
2022-08-23,2,1400.2225850942855,73.73734974861145,,,,,,,,,,0.2827496229097997,0.28274962306022644,0.28274959325790405,220,,,,,,193743,,,
2022-08-24,,1390.3721614101505,,,,,,,,,,,,,,75,,,,,,,,,
2022-08-25,38,1465.6603581753905,1596.0132818222046,9.0,9,,,,,,,,0.4286550031542597,1.3717697858810425,0.26389962434768677,2710,,,,,,1480804,,,
2022-08-26,,1397.1749145087272,79.16989517211914,,,,,,,,,,0.26229703620376216,0.317668616771698,0.2544746398925781,224,,,,,,133801,,,
2022-08-27,,1390.372150765462,41.84694480895996,,,,,,,,,,0.28274962306022644,0.28274962306022644,0.28274962306022644,74,,,,,,,,,
2022-08-28,,1390.3721356355534,49.1984338760376,,,,,,,,,,0.3863377152962733,0.6652932167053223,0.28274962306022644,135,,,,,,,,,
2022-08-29,,1390.3721903334708,20.357973098754883,,,,,,,,,,0.28274959325790405,0.28274959325790405,0.28274959325790405,61,,,,,,,,,
2022-08-30,4,1393.4413056586664,76.57215118408203,,,,,,,,,,0.2967551998223557,0.9230888485908508,0.28274959325790405,315,,,,,,60365,,,
2022-08-31,,1390.3721578753273,,,,,,,,,,,,,,32,,,,,,,,,
2022-09-01,,1390.3721675153906,,,,,,,,,,,,,,51,,,,,,,,,
2022-09-02,,1395.9017738191033,,,,,,,,,,,,,,62,,,,,,108760,,,
2022-09-03,3,1390.3721568450164,98.03503800221675,,,,,,,,,,0.2924460144290107,0.35871219635009766,0.28274959325790405,296,,,,,,,,,
2022-09-04,52,1538.8435996233934,2906.6403087299227,29.0,29,,,,,,,,0.5911138652445574,1.472111463546753,0.28274962306022644,4691,,,,,,2669230,109986,,
2022-09-05,138,1752.5882577384596,7145.910141468048,54.0,53,,,,,,,,0.748563513420614,1.6222827434539795,0.28274959325790405,11822,,,,,,7124232,,,
2022-09-06,,1390.372180235814,2.2619969844818115,,,,,,,,,,,,,98,,,,,,,,,
2022-09-07,3,1394.064261625244,109.4133472442627,,,,,,,,,,0.2813724246967774,1.225589394569397,0.2733246386051178,373,,,,,,72618,,,
2022-09-08,3,1398.6169400394401,79.16989326477051,,,,,,,,,,0.4539693226520286,0.5124460151200609,0.2827496162975511,407,,,,,,162162,,,
2022-09-09,,1401.9014168422868,45.239938735961914,,,,,,,,,,0.28274961734900605,0.28274962731875275,0.2827496073792593,179,,,,,,226762,,,
2022-09-10,4,1392.9576018410025,110.83785152435303,,,,,,,,,,0.3837488020239594,0.485940600273904,0.28274959812163836,244,,,,,,50851,,,
2022-09-11,3,1393.1823269038605,84.2593879699707,,,,,,,,,,0.4113746932146679,0.5637645844650966,0.2733246485392253,193,,,,,,55271,,,
2022-09-12,1,1390.3721923828127,39.019447326660156,,,,,,,,,,0.2827496120760603,0.2827496162975511,0.2827496078545696,135,,,,,,,,,
2022-09-13,30,1440.745465773611,1898.6877160072327,21.0,20,,,,,,,,0.43465328383327806,2.027640475577245,0.282749586811576,3103,,,,,,990766,,,
2022-09-14,63,1574.4402482812395,2684.179597377777,14.0,14,,,,,,,,0.5522890997322375,1.4117386127753384,0.2827496036225435,4608,,,,,,3620334,,,
2022-09-15,,1390.3721923828125,4.842717170715332,,,,,,,,,,,,,60,,,,,,,,,
2022-09-16,4,1395.6038187496865,119.6237907409668,,,,,,,,,,0.5456258892972201,1.0729437059208438,0.28274962731875275,270,,,,,,102898,,,
2022-09-17,2,1390.3721923828125,67.2944107055664,,,,,,,,,,0.2832188988877611,0.49561723525510837,0.282749586811576,164,,,,,,,,,
2022-09-18,7,1405.166544232152,196.32339477539062,,,,,,,,,,0.635674184655516,0.8501904358081853,0.2827496073792593,523,,,,,,290982,,,
2022-09-19,33,1490.1126277217652,1641.1784395575523,11.0,11,,,,,,,,0.3782709445276013,1.4069630570131806,0.25447465578715006,2889,,,,,,1961742,,,
2022-09-20,,1390.3721923828125,,,,,,,,,,,,,,66,,,,,,,,,
2022-09-21,81,1569.646975672212,4084.863721549511,41.0,41,,,,,,,,0.6879335639770611,1.3891321856801104,0.25447465578715006,6797,,,,,,3526058,,,
2022-09-22,13,1534.7075825625823,80.3403787612915,10.0,10,,,,,,,,0.39534044200294793,0.9505421272673998,0.282749586811576,176,,,,,,97645,,679156,
2022-09-23,13,1573.1013685268656,85.3903865814209,11.0,11,,,,,,,,0.2791667240875577,0.328223501135952,0.2733246485392253,204,,,,,,,,806028,
2022-09-24,17,1672.6434858062576,88.6959662437439,14.0,14,,,,,,,,0.359371368630887,0.43599312697548953,0.2827496102862844,256,,,,,,116041,,989827,
2022-09-25,14,1552.2354310270227,58.83604192733765,12.0,12,,,,,,,,0.5741746968525971,0.8655997955835558,0.28274959812163836,149,,,,,,,,785269,
2022-09-26,3,1397.617958852518,89.3488826751709,,,,,,,,,,0.28590299315742773,0.42796135090565257,0.2827496049642517,288,,,,,,142513,,,
2022-09-27,12,1570.7223378907051,137.65470027923584,10.0,10,,,,,,,,0.32700813541778984,0.6260139036002634,0.25447465578715006,520,,,,,,120793,,751374,
2022-09-28,83,1558.5264057961028,3622.7561173439026,21.0,21,,,,,,,,0.6467352874413537,1.3569134932297926,0.282749586811576,6267,,,,,,3307336,,,
2022-09-29,16,1589.6716854406516,135.8404517173767,11.0,11,,,,,,,,0.46569133064378887,0.6197251878307017,0.2827495963530078,304,,,,,,88884,,802847,
2022-09-30,14,1570.2010438411871,3.3929953575134277,14.0,14,,,,,,,,,,,102,62.25,62.25,62.25,,,,,903372,
2022-10-01,104,1775.7051044779548,4646.043737053871,50.0,47,,,,,,,,0.9147400484238699,1.6998867384802485,0.25219519916140276,7606,63.20000076293945,63.20000076293945,63.20000076293945,,,4150173,,840864,
2022-10-02,1,1378.750009059906,37.32668972015381,,,,,,,,,,0.2733246202844547,0.2827495963530078,0.2638996442159017,78,,,,,,,,,
2022-10-03,,1388.2143602292956,59.377418994903564,,,,,,,,,,0.282643937606503,0.2827496078545696,0.25447465578715006,116,,,,,,190236,,,
2022-10-04,51,1476.7633130710203,2583.0610299110413,23.0,23,,,,,,,,0.8245866305021515,1.3015287313436739,0.28274961369254,4254,,,,,,1970095,,,
2022-10-05,2,1378.7500090599062,73.51490211486816,,,,,,,,,,0.2924467184442708,0.3277053316716322,0.2638996442159017,167,,,,,,,,,
2022-10-06,,1378.750009059906,,,,,,,,,,,,,,23,,,,,,,,,
2022-10-07,20,1433.5863041192172,1297.6925678253174,12.0,12,,,,,,,,0.38333818057534047,1.3398577101919615,0.25447465578715006,2114,,,,,,1102225,,,
2022-10-08,37,1487.8777176530639,2041.9436746835709,20.0,20,,,,,,,,0.6815153371534073,1.2918535868326824,0.25447465578715006,3439,,,,,,2193497,,,
2022-10-09,3,1390.5435673500203,89.34887766838074,,,,,,,,,,0.2693980740761963,0.6110502452336208,0.25447465578715006,219,,,,,,237053,,,
2022-10-10,6,1399.6156499506242,394.12356972694397,4.0,4,,,,,,,,0.9309729063643389,1.2749699410475765,0.28274959325790405,723,,,,,,419405,,,
2022-10-11,56,1500.7815368589231,2840.4809633493423,22.0,22,,,,,,,,0.5886212251590265,1.303806427961315,0.2622098412655483,4713,,,,,,2452866,,,
2022-10-12,79,1578.9491627586544,4300.518431544304,38.0,38,,,,,,,,0.7570565374859355,1.4932147351745875,0.25447465578715006,7008,,,,,,3927927,,,
2022-10-13,,1388.2500166893003,,,,,,,,,,,,,,45,,,,,,,,,
2022-10-14,3,1388.2500166893005,82.5628890991211,,,,,,,,,,0.28287279263523657,0.45655563010733,0.28274962731875275,182,,,,,,,,,
2022-10-15,55,1551.1764743557223,3094.4035499095917,29.0,29,,,,,,,,0.8400545241077811,1.466024355943909,0.2733246485392253,4909,,,,,,3217133,,,
2022-10-16,11,1411.0773283401072,480.32244205474854,2.0,2,,,,,,,,0.3805336890736626,1.2038572807052743,0.2733246485392253,853,,,,,,450746,,,
2022-10-17,82,1584.5981349084502,4172.533141076565,31.0,31,,,,,,,,0.49135317895570063,1.5253046141242101,0.26294137286839875,6959,,,,,,3877062,,,
2022-10-18,,1391.3038136709085,15.268479347229004,,,,,,,,,,0.25447465578715006,0.25447465578715006,0.25447465578715006,63,,,,,,60300,,,
2022-10-19,65,1569.234727812671,3068.794988632202,15.0,14,,,,,,,,0.7154939136075257,1.5792565364174862,0.27251757610282173,5235,,,,,,3179768,172583,,
2022-10-20,,1388.2500166893005,,,,,,,,,,,,,,40,,,,,,,,,
2022-10-21,4,1392.367122811289,149.85729608352327,,,,,,,,,,0.2920090917801445,0.3064675310869985,0.2827495931687082,396,,,,,,81296,,,
2022-10-22,,1388.2500166893005,,,,,,,,,,,,,,12,,,,,,,,,
2022-10-23,,1388.2500166893005,,,,,,,,,,,,,,24,,,,,,,,,
2022-10-24,,1388.2500166893005,,,,,,,,,,,,,,39,,,,,,,,,
2022-10-25,,1388.2500166893003,,,,,,,,,,,,,,10,,,,,,,,,
2022-10-26,5,1395.6309020871865,165.12577530712747,,,,,,,,,,0.3624812101378875,0.7651969867140046,0.26389964090180196,414,,,,,,145743,,,
2022-10-27,26,1433.7748620673983,1133.6466554263077,4.0,4,,,,,,,,0.43985553346824,1.5676224968544008,0.2733246280768663,2155,,,,,,898929,,,
2022-10-28,98,1633.0173889804207,3982.8202864039904,16.0,16,,,,,,,,0.6362030365125362,1.5745821077518023,0.2517058889483062,7000,,,,,,4692616,61270,,
2022-10-29,76,1632.086983828409,4157.843627366922,35.0,35,,,,,,,,0.6087998972800719,1.4038622477790739,0.26389964090180196,6839,,,,,,4814784,,,
2022-10-30,1,1388.2500166893005,25.44746537267376,,,,,,,,,,0.2827496118852376,0.2827496118852376,0.2827496118852376,109,,,,,,,,,
2022-10-31,,1388.2500166893005,,,,,,,,,,,,,,27,,,,,,,,,
2022-11-01,1,1388.2500166893005,25.447465372673758,,,,,,,,,,0.282749618468993,0.282749618468993,0.282749618468993,73,,,,,,,,,
2022-11-02,1,1388.2500166893005,53.78457002540115,,,,,,,,,,0.6367827722300706,0.9482488439669219,0.2544746537267376,119,,,,,,,,,
2022-11-03,33,1477.009779802375,1223.19687581773,4.0,3,,,,,,,,0.38118480584316833,1.6505813089443664,0.25363655133716373,2182,,,,,,1571608,79310,,
2022-11-04,1,1388.2500166893005,38.568673769487546,,,,,,,,,,0.595139550663797,0.9075294936950211,0.28274960763257284,79,,,,,,,,,
2022-11-05,1,1391.0369231778486,66.72890919945564,,,,,,,,,,0.2827234706311778,0.28274960638859603,0.26389964090180196,142,,,,,,55030,,,
2022-11-06,1,1391.3721318648868,49.71796212090797,,,,,,,,,,0.587588684379705,0.8924277666681881,0.2827496020912219,135,,,,,,61649,,,
2022-11-07,,1388.2500166893005,8.48248845755792,,,,,,,,,,0.6209728006997014,0.6209728006997014,0.6209728006997014,53,,,,,,,,,
2022-11-08,1,1388.2500166893005,16.96497691511584,,,,,,,,,,0.42668452694610987,0.42668452694610987,0.42668452694610987,93,,,,,,,,,
2022-11-09,1,1388.2500166893005,48.63293382333207,,,,,,,,,,0.39905879994930965,0.5153679777529836,0.2827496221456357,154,,,,,,,,,
2022-11-10,,1388.2500166893005,,,,,,,,,,,,,,25,,,,,,,,,
2022-11-11,,1388.2500166893005,7.086965554205783,,,,,,,,,,,,,52,,,,,,,,,
2022-11-12,5,1388.2500166893005,173.95649835168464,1.0,1,,,,,,,,0.7777758543108068,1.4108626498599526,0.28274960763257284,363,,,,,,,,,
2022-11-13,2,1395.0589716316745,65.59791073844791,,,,,,,,,,0.27835171523151486,0.42201433002156813,0.2733246280768663,162,,,,,,134449,,,
2022-11-14,,1388.2500166893008,49.763932284339795,,,,,,,,,,0.3829482357936021,0.5004417969060719,0.2544746537267376,246,,,,,,,,,
2022-11-15,,1391.4029736975515,26.578463833681482,,,,,,,,,,0.3890058320491729,0.49526206493172564,0.2827495991666201,119,,,,,,62258,,,
2022-11-16,8,1397.925197251213,248.47848563904864,,,,,,,,,,0.28588164312235487,1.1609723028020071,0.28274959559210694,587,,,,,,191045,,,
2022-11-17,,1388.2500166893003,52.26661613524743,,,,,,,,,,0.2779754571283954,0.28274960560074414,0.26389964090180196,172,,,,,,,,,
2022-11-18,4,1393.6923087477935,139.3727247316132,,,,,,,,,,0.27324787162005737,1.1671157179231342,0.2566993876399229,256,,,,,,107463,,,
2022-11-19,8,1404.1626974666585,273.2955046126479,1.0,1,,,,,,,,0.47665708849817834,1.216764136761345,0.2759654596992419,536,,,,,,314210,,,
2022-11-20,3,1394.400961891429,110.83784917875681,,,,,,,,,,0.28274959808219263,0.2827496076325728,0.2827495969802674,248,,,,,,121456,,,
2022-11-21,43,1480.7689628457547,2013.5030416469938,11.0,11,,,,,,,,0.6989153973054572,1.6370697676368227,0.2827495897046736,3416,,,,,,1826870,,,
2022-11-22,2,1393.9536287092856,103.30960366178053,,,,,,,,,,0.316400942694181,1.1195640729360663,0.2827495911239656,260,,,,,,112623,,,
2022-11-23,1,1391.3572427042905,33.92995383023168,,,,,,,,,,0.5080107174509174,0.7332718237861271,0.2827496111157078,100,,,,,,61355,,,
2022-11-24,22,1437.0137411478145,1048.0574506119224,5.0,5,,,,,,,,0.5931587168112735,1.856561578541801,0.2544746537267376,1812,,,,,,686638,121022,,
2022-11-25,,1388.2500166893005,13.006482301588811,,,,,,,,,,0.7714402435362085,0.7714402435362085,0.7714402435362085,141,,,,,,,,,
2022-11-26,62,1512.0916151324739,2667.5833355092986,15.0,15,,,,,,,,0.6337051083436145,1.4225492626330083,0.24880545240462418,4579,,,,,,2445367,,,
2022-11-27,82,1617.7926387481227,2537.5537761371093,43.0,43,,,,,,,,0.8658419043638512,1.4476456218607463,0.2817251601242063,4238,,,,1674585,,2741844,,,
2022-11-28,3,1394.3298079096662,84.82488457557919,,,,,,,,,,0.282749612554394,0.2827496139930802,0.2827496111157078,199,,,,,,120051,,,
2022-11-29,,1388.2500166893005,,,,,,,,,,,,,,36,,,,,,,,,
2022-11-30,33,1477.2961608942444,1849.6876187318228,17.0,17,,,,,,,,0.4712744961466834,1.3445064802478346,0.2827496020912219,3051,,,,,,1758297,,,
2022-12-01,13,1418.559205342658,797.8124829420958,7.0,7,,,,,,,,0.7503698385911379,1.3327287340426022,0.2471587545908485,1356,,,,,,598482,,,
2022-12-02,6,1400.5340806059926,172.4772653036777,,,,,,,,,,0.5209011750326725,0.7371634263394579,0.28274960560074414,372,,,,,,242560,,,
2022-12-03,70,1570.795297642852,3602.322006639174,27.0,27,,,,,,,,0.7176621712236209,1.427261144668033,0.2798181750523179,5949,,,,,,3604522,,,
2022-12-04,4,1398.7099778020136,122.14783378883403,,,,,,,,,,0.2835320596309544,0.6668622911051577,0.28274960411594624,288,,,,,,206542,,,
2022-12-05,,1388.2500166893008,,,,,,,,,,,,,,10,,,,,,,,,
2022-12-06,44,1521.7890109809614,2197.947947910695,18.0,17,,,,,,,,0.7408222556284422,1.9892266647541093,0.2827496020912219,3794,63.502933502197266,63.502933502197266,63.502933502197266,,,2562724,,,
2022-12-07,,1391.2793440818784,,,,,,,,,,,,,,10,,,,,,,,,
2022-12-08,28,1461.2345255316543,1350.6149849301733,9.0,8,,,,,,,,0.5389323747742185,1.5970993994463865,0.2681462583680823,2323,,,,,,1373607,,,
2022-12-09,1,1391.2793440818787,20.923471528642867,,,,,,,,,,0.28274958786343,0.28274958786343,0.28274958786343,121,,,,,,,,,
2022-12-10,57,1556.0934841058247,2354.547243320819,9.0,9,,,,,,,,0.39266709322762156,1.5560067930829162,0.27092733168738997,4270,,,,,,3236211,,,
2022-12-11,8,1411.7493231489095,618.9002986813304,6.0,6,,,,,,,,0.27730223001503174,1.4411084492862494,0.25930815492942644,990,,,,,,401939,,,
2022-12-12,51,1563.285066428199,2603.702491934429,20.0,20,,,,,,,,0.7169492069355048,1.5171092660479768,0.2827495931687082,4292,,,,,,3377423,,,
2022-12-13,20,1445.8218139773653,1139.04277612693,13.0,13,,,,,,,,1.0122346135026996,1.2775002701215499,0.2827496020912219,1902,,,,,,1070969,,,
2022-12-14,,1391.2793440818787,,,,,,,,,,,,,,32,,,,,,,,,
2022-12-15,38,1498.2569083805563,1935.197307288302,13.0,13,,,,,,,,0.6813606928014501,1.375018430091882,0.28048309164314256,3142,,,,,,2100561,,,
2022-12-16,,1391.2793440818787,15.833978454108117,,,,,,,,,,0.26389964090180196,0.26389964090180196,0.26389964090180196,78,,,,,,,,,
2022-12-17,2,1393.6836089467392,44.108939979301184,,,,,,,,,,0.3364152979944686,0.39008097751994425,0.282749618468993,108,,,,,,47209,,,
2022-12-18,3,1398.3145330360555,93.70696331741503,,,,,,,,,,0.5845990751432523,1.2645983581886397,0.28274958786343,195,,,,,,138140,,,
2022-12-19,18,1437.8928993486088,954.1017817568446,7.0,7,,,,,,,,0.738024018623151,1.3269526530871523,0.282749604659165,1579,,,,,,915281,,,
2022-12-20,,1391.2793440818787,,,,,,,,,,,,,,27,,,,,,,,,
2022-12-21,,1398.2879169791552,,,,,,,,,,,,,,71,,,,,,137617,,,
2022-12-22,32,1494.197305093243,1576.4938248540625,11.0,11,,,,,,,,0.43954771987308466,1.2578824412135245,0.28274959715595643,2693,,,,,,2020849,,,
2022-12-23,74,1599.1096611227672,3836.107678002505,25.0,25,,,,,,,,0.7646257032632068,1.3671640393772149,0.2827495897046736,6310,,,,,,4080858,,,
2022-12-24,1,1396.225125052058,92.74187380263325,,,,,,,,,,0.2827496010171176,0.2827496221456357,0.2827495998511014,194,,,,,,97113,,,
2022-12-25,3,1402.9862892197812,105.44258325100428,,,,,,,,,,0.4901144467843929,0.9845486957777314,0.28274960673617777,219,,,,,,229872,,,
2022-12-26,87,1644.194654635856,4301.946519547207,29.0,29,,,,,,,,0.5323459819317906,1.5045397257315123,0.2733246280768663,7198,,,,,,4966126,,,
2022-12-27,116,1723.3020993548516,6606.967285705453,70.0,70,,,,,,,,0.7659100009755211,1.6018501623467685,0.2703455317004168,10755,,,,,,6519442,,,
2022-12-28,,1391.2793440818787,,,,,,,,,,,,,,62,,,,,,,,,
2022-12-29,105,1578.8686992334508,5690.712035353999,54.0,52,89.63898305084746,139.0,57.0,,,,,0.5459292799107325,1.9892266647541093,0.001851851851851852,8458,,,,,,4912517,,,1080000
2022-12-30,24,1438.4571960542596,2252.0,20.0,20,82.30306345733041,133.0,62.0,,,,,0.583906622193867,1.5055555555555555,3.003003003003003E-4,3384,,,,,,1740000,,,
2022-12-31,202,1810.6503276381118,9554.06374087697,70.0,63,84.22426981919332,135.0,59.0,13.718000411987305,100.50611114501953,13.765750885009766,100.5422134399414,0.42552707546639884,5.864931583404541,0.0,14553,,,,,,10838792,,,840000
2023-01-01,31,1439.2871853053673,2516.410488786661,27.0,27,95.51580056179775,136.0,67.0,13.824509620666504,100.56910705566406,13.82493782043457,100.57146453857422,0.6508515047542393,1.7262594377705676,7.446016381236039E-4,3666,,,,,3765516,1467507,,,
2023-01-02,60,1429.6208632114315,1685.0,9.0,9,83.8442932728647,129.0,61.0,,,,,0.09412264865433655,1.288888888888889,0.0020952380952380953,2692,,,,,6733868,1110157,,,2520000
2023-01-03,12,1458.5044414492445,669.0,,,86.71275018532246,126.0,58.0,,,,,0.10779197345256404,0.25303030303030305,3.831417624521073E-4,1096,,,,,,1320000,,,720000
2023-01-04,1,1394.4664757624446,0.0,,,,,,,,,,0.0,0.0,0.0,191,,,,,,62581,,,
2023-01-05,104,1610.8961883911293,2186.0231493549663,44.0,44,91.36170212765957,128.0,63.0,13.761591911315918,100.53706359863281,13.825304985046387,100.5711441040039,0.4218482798707593,2.2877357006073,0.0012413793103448277,3238,,,,,,4864203,,,960000
2023-01-06,83,1561.1066021416073,4406.105484645073,40.0,40,81.80170098478067,131.0,58.0,13.817723274230957,100.56330871582031,13.824885368347168,100.5684814453125,0.3995178121196174,1.5533333333333332,4.8696198554822495E-4,6713,,,,,,4566209,,,
2023-01-07,135,1567.7477337600544,5491.291153077403,55.0,51,82.64424572317263,152.0,53.0,13.750947952270508,100.52933502197266,13.757590293884277,100.53385162353516,0.4131671040840809,2.466352852110413,5.135387488328665E-4,8036,,,,,,5091898,,,
2023-01-08,,1403.5020890577634,275.0,,,87.38939606741573,117.0,71.0,,,,,0.13873013009163027,0.275,0.001547061882475299,468,,,,,,240000,,,
2023-01-09,126,1623.7950978553204,6290.801053422957,47.0,47,85.37378303198888,131.0,54.0,13.734033584594727,100.53157806396484,13.802339553833008,100.55374908447266,0.5557580286769473,1.7333333333333334,0.0019970951343500363,9333,,,,,,5248007,,,1800000
2023-01-10,1,1391.2793440818787,30.0,,,89.68181818181819,110.0,78.0,,,,,3.477051460361613E-4,3.477051460361613E-4,3.477051460361613E-4,51,,,,,,,,,
2023-01-11,3,1399.3493605241024,283.0,,,89.61052631578947,135.0,63.0,,,,,0.0032800185442744554,0.0032800185442744554,0.0032800185442744554,476,,,,,,158459,,,
2023-01-12,186,1514.805420317471,5053.8331624819075,54.0,54,94.3375,137.0,64.0,13.763195037841797,100.53732299804688,13.824928283691406,100.56716918945312,0.513961148734674,1.5663793022093702,0.0,7496,,,,,,4069126,,,6960000
2023-01-13,57,1459.1636245941654,1860.6230342189792,10.0,10,83.43823915900131,119.0,53.0,13.880216598510742,100.564453125,13.882858276367188,100.56549072265625,1.212984780598669,14.405900001525879,0.0,3118,,,,,,1371757,,,1860000
2023-01-14,95,1072.3213325362128,4236.560837594039,28.0,28,103.4983870967742,140.0,63.0,13.75757122039795,100.56049346923828,13.824926376342773,100.57032012939453,0.23461842074265413,1.5149597837675695,0.0,6406,,,,,,3539829,,,1860000
2023-01-15,2,1391.2793440818784,222.0,,,75.08499413833529,118.0,56.0,,,,,0.002573018080667594,0.002573018080667594,0.002573018080667594,376,,,,,,,,,
2023-01-16,,1391.2793440818784,87.0,,,83.1106526631658,111.0,57.0,,,,,0.0010083449235048678,0.0010083449235048678,0.0010083449235048678,147,,,,,,,,,
2023-01-17,30,1417.9080945237474,1681.0,12.0,12,83.05876216968011,128.0,55.0,,,,,0.11945329054096876,1.5266666666666666,0.0018726591760299626,2579,,,,,,960000,,,1080000
2023-01-18,60,1455.579670795715,3748.1712636504076,25.0,24,83.61648122392211,127.0,56.0,13.734787940979004,100.53154754638672,13.736598014831543,100.53372955322266,0.35177792741520914,1.3337098424557174,0.004495614035087719,5659,,,,,,2987167,,,480000
2023-01-19,34,1428.808191752964,152.0,12.0,12,85.10257301808066,125.0,58.0,13.824604034423828,100.56920623779297,13.824881553649902,100.57138061523438,0.5836465800590696,1.3105912741782357,4.693049213597159E-4,261,,,,,,736899,,,780000
2023-01-20,10,1402.6176819701989,934.0,10.0,10,85.19819193324061,115.0,54.0,,,,,0.7271135938806632,1.4533333333333334,3.6852116024726583E-4,1303,,,,,,600000,,,
2023-01-21,242,1132.7646339142937,3062.143080821904,9.0,9,77.46070931849792,127.0,54.0,,,,,0.12658075718969614,1.5972222222222223,5.817335660267597E-4,4875,,,,,,3218126,,,10980000
2023-01-22,,,34.0,,,77.17575757575757,96.0,69.0,,,,,0.14157184611004514,0.28274962638791595,3.940658321743162E-4,57,,,,,,,,,
2023-01-23,,1391.2793440818784,24.0,,,78.28151260504201,94.0,69.0,,,,,2.781641168289291E-4,2.781641168289291E-4,2.781641168289291E-4,40,,,,,,,,,
2023-01-24,219,1550.664553469317,4927.288838404541,46.0,42,76.95345489443378,142.0,57.0,13.763310432434082,100.5372543334961,13.764418601989746,100.54074096679688,0.20590169555433205,1.5333333333333334,0.0,7336,,,,,,3860169,,,8820000
2023-01-25,126,1593.9492264724352,7318.011077986913,47.0,47,83.96373779637378,138.0,57.0,13.73228645324707,100.52967071533203,13.824979782104492,100.57020568847656,0.34542023383463816,6.2037553787231445,0.0028273809523809523,10911,,,,,,6833174,,,720000
2023-01-26,451,1617.645576772923,4408.5312608271315,29.0,29,82.27468706536857,137.0,55.0,13.802698135375977,100.55313110351562,13.824893951416016,100.57113647460938,0.17494701435922688,4.3912886020420325,0.0,6218,58.966983795166016,58.96700668334961,58.96696090698242,,,3551749,,,23280000
2023-01-27,5,1353.4477518388594,1001.0,5.0,5,80.61273486430062,118.0,58.0,,,,,0.6871709511448427,1.4066666666666667,0.005778101480941976,1576,,,,,,347166,,,
2023-01-28,36,1591.3351121436713,1645.0,13.0,13,89.58101529902642,145.0,59.0,,,,,0.12482702540966296,1.4777777777777779,0.002854938271604938,2491,,,,,,2166360,,,960000
2023-01-29,25,1389.5846460587318,1259.909090909091,6.0,6,86.4412786657401,116.0,56.0,,,,,0.1359783349981149,1.4444444444444444,0.0019309678976587015,1905,,,,,,1514376,,,
2023-01-30,163,1650.5945788573651,5938.802160338368,69.0,48,85.97139197267293,123.0,71.0,13.742829322814941,100.49896240234375,13.824894905090332,100.5687026977539,0.3716384744091244,4.093642711639404,0.0022043010752688173,11378,,,,,,10392893,,,
2023-01-31,26,1508.645995242759,70.55870798981638,24.0,24,108.74418604651163,132.0,82.0,,,,,7.881316338306905E-4,7.881316338306905E-4,7.881316338306905E-4,119,,,,,,,,1514599,
2023-02-01,11,1496.0353250567728,145.34357122861675,,,102.78781038374717,144.0,70.0,13.82459545135498,100.57137298583984,13.82459545135498,100.57137298583984,0.08224173578796114,0.27666666666666667,0.0,260,,,,,,77374,,,600000
2023-02-02,194,1755.6511713227585,7324.082618572559,86.0,76,95.89381933438986,152.0,61.0,13.736071586608887,100.53202819824219,13.824553489685059,100.57140350341797,0.6120141859443166,1.7083333333333333,0.0,10950,,,,,,10293977,,,1020000
2023-02-03,187,1740.7101906748808,5599.415797208702,51.0,51,90.71820809248555,138.0,64.0,13.813172340393066,100.5605239868164,13.881171226501465,100.56513214111328,0.5290584878066258,2.0861682891845703,0.0,9438,,,,,,10477920,,,1200000
2023-02-04,54,1442.6377976490762,1529.3144996489095,5.0,5,89.225,131.0,70.0,13.919686317443848,100.60226440429688,13.920944213867188,100.60431671142578,0.3310597912762758,1.394800900483753,0.0,2491,,,,,,1287580,,,2640000
2023-02-05,3,1349.2731552228572,19.340508891317306,,,93.1,106.0,84.0,,,,,1.5067222994900325E-4,1.5067222994900325E-4,1.5067222994900325E-4,33,,,,,,71854,,,
2023-02-06,21,1360.2092318089408,13.0,,,,,,,,,,0.497363366483065,1.2725993036105443,0.2544746537267376,22,,,,,,306206,,,
2023-02-07,29,1404.864753016469,0.2621696801112656,,,,,,,,,,0.2798029241084348,3.3621034622192383,0.0,2175,,,,,,1263139,,,
2023-02-08,47,1373.4320885250186,504.63677987325434,,,79.91834677419355,115.0,64.0,,,,,0.3776687486740636,0.779231223135242,0.0,1378,,,,,,352069,,,2400000
2023-02-09,6,1369.451151504831,25.843099181763996,,,68.86559139784946,103.0,56.0,,,,,0.2664891885428987,1.040323367783377,1.274918868799258E-4,45,,,,,,504254,,,
2023-02-10,13,1372.1040443710817,0.22183588317107092,,,,,,,,,,0.4953683896855403,0.83488782032495,0.0,1049,,,,,,561103,,,
2023-02-11,7,1355.544812006525,0.0,,,,,,,,,,0.318831560013469,0.660973165491699,0.0,506,,,,,,206251,,,
2023-02-12,2,1354.861169675278,0.0,,,,,,,,,,0.14323644163916055,1.23514520219936,0.0,245,,,,,,191601,,,
2023-02-13,19,1572.148657522955,0.0,17.0,17,,,,,,,,0.14306388214668775,0.89049178598814,0.0,341,,,,,,240068,,1057547,
2023-02-14,33,1663.4867007551954,0.0,20.0,20,,,,,,,,0.15213718303633866,0.8413917644532712,0.0,991,66.2244873046875,66.2244873046875,66.2244873046875,,,428397,,1272617,
2023-02-15,15,1412.0012065331046,494.7480380101369,,,85.35891089108911,119.0,68.0,,,,,0.5656229060533146,1.3049206733703613,0.26389964090180196,1154,,,,,,792428,,,
2023-02-16,11,1463.4657956369597,0.0,,,,,,,,,,0.3512113775234054,0.9568358485487141,0.0,805,,,,,,981358,,,
2023-02-17,22,1488.969735233788,1217.2545775001054,,,86.32410423452768,134.0,70.0,,,,,0.5389253230069261,1.4383608102798462,0.04696969696969697,2097,,,,,,1397482,,,
2023-02-18,52,2213.464527334127,217.1352195932925,46.0,46,77.67656765676567,117.0,51.0,21.94151496887207,96.13026428222656,21.94161033630371,96.13031768798828,0.3941425743931008,0.8938527667226417,0.2827495991666201,505,,,,,,373876,,2898681,
2023-02-19,17,1474.3823648707282,464.30568933921455,,,95.79569892473118,128.0,82.0,,,,,0.29481944891437845,1.0963576988401447,0.17,1052,,,,,,997079,,,300000
2023-02-20,25,1663.7519948891322,0.0,17.0,17,,,,,,,,0.1433257790164685,0.6245473429259513,0.0,768,,,,,,283681,,1085152,
2023-02-21,6,1432.5538010359742,0.0,,,,,,,,,,0.0,0.0,0.0,514,,,,,,262853,,,
2023-02-22,57,1743.8522776218365,390.61559809644086,23.0,23,78.08471074380165,120.0,56.0,,,,,0.3496421677878686,3.7778966426849365,0.2544746537267376,975,,,,,,484810,,1386940,1500000
2023-02-23,25,1442.7513617414677,824.8054376708128,,,84.18840579710145,112.0,63.0,,,,,0.20006152247136333,1.602117657661438,0.0,711,,,,,,453512,,,1080000
2023-02-24,4,1420.3064482069653,0.0,,,,,,,,,,0.0,0.0,0.0,13,,,,,,33870,,,
2023-02-25,41,1561.742932275734,558.9698368196647,7.0,7,87.88916256157636,117.0,66.0,,,,,0.23348930023223483,0.43333333333333335,0.0018673023440603893,1126,,,,,,356134,,511646,1440000
2023-02-26,13,1463.4230050520102,714.5228578311894,,,79.83858267716535,104.0,59.0,,,,,0.15097291360228934,0.46111111111111114,0.00153023598820059,139,,,,,,840000,,,780000
2023-02-27,22,1518.265788636812,2.6626106194690267,3.0,3,71.6923076923077,89.0,59.0,,,,,0.3786289280672062,1.2523751403693326,0.0,1963,,,,,,1865371,,,
2023-02-28,7,1437.8126378267132,0.0,,,,,,,,,,0.9427257713016202,4.985236644744873,0.0,547,,,,,,361175,,,
2023-03-01,129,1540.73186731606,2438.3164244512946,19.0,18,83.5606343283582,117.0,67.0,21.95149803161621,96.07805633544922,21.952747344970703,96.07979583740234,0.7224169913240005,7.239999771118164,0.0,5785,,,,,,2412113,,,3600000
2023-03-02,51,1455.9877751770268,691.9713810728206,,,86.07371794871794,110.0,61.0,,,,,0.3527339804333129,1.4760011434555054,0.004867986798679868,1172,,,,,,653152,,,2460000
2023-03-03,190,1514.7413723500745,878.9443379162868,1.0,1,86.28157894736842,125.0,62.0,,,,,0.7618732457025389,5.874996662139893,0.0,2281,,,,,,1799476,,,10320000
2023-03-04,11,1432.4631959880346,13.717663421418637,,,72.29166666666667,107.0,57.0,,,,,1.0516902114735822,2.6058530807495117,1.6226240148354195E-4,54,,,,,,261159,,,
2023-03-05,2,1426.765614682391,4.201668984700974,,,75.0,79.0,71.0,,,,,4.636068613815485E-5,4.636068613815485E-5,4.636068613815485E-5,7,,,,,,154634,,,
2023-03-06,3,1435.117485308606,4.0,,,,,,,,,,4.636068613815485E-5,4.636068613815485E-5,4.636068613815485E-5,6,,,,,,310785,,,
2023-03-07,6,1428.831666507544,0.08066759388038942,,,,,,,,,,0.39038967034239613,0.9543864737287718,0.0,571,,,,,,193262,,,
2023-03-08,15,1507.3973147290826,570.9848646656269,,,81.26442307692308,140.0,58.0,,,,,0.30189685604990046,1.0915783886080554,8.210180623973728E-5,597,,,,,,1662167,,,
2023-03-09,11,1469.2377568889592,18.51684428577878,7.0,7,,,,21.941499710083008,96.13006591796875,21.941499710083008,96.13006591796875,0.38599202268431304,0.8173506933963157,0.0,789,,,,500467,,413823,,,
2023-03-10,7,1441.5559570004916,0.0,,,69.96311475409836,108.0,55.0,,,,,0.13549026573939357,0.4261297392981224,0.0,635,,,,,,431163,,,
2023-03-11,6,1433.2266850447381,0.0,,,79.75,117.0,57.0,,,,,0.0,0.0,0.0,622,,,,,,275434,,,
2023-03-12,194,1634.1675224768057,2298.6994903799396,,,88.55,121.0,57.0,,,,,0.15340963227511228,0.7021299148655611,0.0,4214,,,,,,3953846,,,8160000
2023-03-13,4,1429.2876334695775,253.53121825063113,,,,,,,,,,0.5628794259416726,1.1724146604537964,0.2544746537267376,595,,,,,,201787,,,
2023-03-14,66,1587.0974481276025,3470.6586185141136,28.0,28,,,,13.762863159179688,100.53719329833984,13.825501441955566,100.57147216796875,0.6584386047400295,1.4586592910469174,0.2733246280768663,5792,,,,,,3152283,,,
2023-03-15,,1418.494882106781,,,,,,,,,,,,,,42,,,,,,,,,
2023-03-16,,1422.6289112480702,15.833978454108117,,,,,,,,,,0.26389964090180196,0.26389964090180196,0.26389964090180196,109,,,,,,77292,,,
2023-03-17,,1418.4948821067812,,,,,,,,,,,,,,28,,,,,,,,,
2023-03-18,95,1660.3661479801494,4431.710679356108,37.0,37,,,,13.727609634399414,100.52825164794922,13.824843406677246,100.57029724121094,0.5340667116865732,2.4025132613534943,0.20316530922656392,7920,,,,,,4522154,,,
2023-03-19,50,1542.9119041081433,2585.3249057873895,27.0,27,,,,13.761789321899414,100.53700256347656,13.8248929977417,100.57144927978516,0.375412739642929,1.705814928035796,0.2544746537267376,4262,,,,,,2326167,,,
2023-03-20,,1418.494882106781,,,,,,,,,,,,,,41,,,,,,,,,
2023-03-21,16,1564.4531449905166,24.881966142169897,15.0,15,,,,,,,,0.2827496020912219,0.2827496020912219,0.2827496020912219,129,,,,,,,,978680,
2023-03-22,22,1627.1494099739184,,22.0,22,,,,,,,,,,,74,63.925465471718866,64.99978637695312,60.191707611083984,,,,,1427207,
2023-03-23,32,1484.2420331131395,1629.8908350928393,10.0,10,,,,13.735054969787598,100.5318832397461,13.736371994018555,100.5339126586914,0.5295997940566634,3.9981072055701596,0.26389964090180196,2650,,,,,,1711640,,,
2023-03-24,17,1605.354501250638,36.757449982750984,16.0,16,,,,,,,,0.31377353212117715,0.37307241051561685,0.2544746537267376,65,,,,,,,,1015707,
2023-03-25,137,1845.2013849331106,7721.039389252199,69.0,68,,,,13.739192008972168,100.5167007446289,13.82497501373291,100.57111358642578,0.9167835589818965,2.8426905386232986,0.010402583551546348,10888,,,,,,6966983,,716537,
2023-03-26,85,1613.8323820405096,4249.170539001664,31.0,31,,,,13.749841690063477,100.53719329833984,13.824923515319824,100.56775665283203,0.7415510892312057,3.010861577051564,0.23386550636794218,7118,,,,,,4232999,,,
2023-03-27,,1400.4081645155923,18.38245554072522,,,,,,,,,,0.6410761230113937,1.0250670909881592,0.2733246280768663,246,,,,,,80536,,,
2023-03-28,142,2113.8851897177065,5046.620507407898,86.0,85,,,,13.802757263183594,100.55387115478516,13.82490348815918,100.57140350341797,0.6833862147623665,2.8765576677316496,0.22941432182814506,9403,,,,,,6002734,,2410482,
2023-03-29,24,1580.2739418739932,,24.0,24,,,,13.824591636657715,100.57135772705078,13.824591636657715,100.57135772705078,,,,13,,,,,,,,1470554,
2023-03-30,20,1624.168238994319,63.335913816432466,20.0,20,,,,,,,,0.27884093988774394,0.282749618468993,0.2544746537267376,188,64.80000305175781,64.80000305175781,64.80000305175781,,,,,1259067,
2023-03-31,112,2049.3459007870733,4153.919572059457,78.0,77,,,,13.816744804382324,100.56229400634766,13.824955940246582,100.57135009765625,0.8261123061305332,3.400131777601643,0.2827495901808795,6745,,,,,,3949534,,2086454,
2023-04-01,113,1949.7185085383792,4226.555714077671,59.0,59,,,,13.814318656921387,100.56025695800781,13.828816413879395,100.57013702392578,0.5477165939225371,2.9780824072466086,0.26389964090180196,6309,,,,,,3005872,,2156172,
2023-04-02,,1417.3548688662256,49.763932284339795,,,,,,,,,,0.7668184662051603,3.4361963272094727,0.2827495998511014,145,,,,,,251305,,,
2023-04-03,,1404.2500395774841,,,,,,,,,,,,,,16,,,,,,,,,
2023-04-04,52,1731.3104256579732,1927.3550318887956,30.0,30,,,,13.824084281921387,100.56659698486328,13.844882011413574,100.58023834228516,0.38620085940199467,1.2301418801906487,0.24693980862848772,2566,,,,,,1528325,,1354051,
2023-04-05,,1404.2500395774841,,,,,,,,,,,,,,29,,,,,,,,,
2023-04-06,106,1703.758796393982,6110.7369930943405,47.0,47,,,,13.704497337341309,100.56343841552734,13.828780174255371,100.60526275634766,0.5041160805110348,9.450360298156738,0.14679953184776004,9190,,,,,,5743536,,,
2023-04-07,87,1681.4859284646036,4007.4428339831393,54.0,53,,,,13.82459545135498,100.56660461425781,13.829629898071289,100.57063293457031,0.5144341437762278,1.5910843547516902,0.04997641521994591,7952,,,,,,5316419,,,
2023-04-08,21,1617.5744284232464,17.5304761456197,21.0,21,,,,13.824542045593262,100.57136535644531,13.824542045593262,100.57136535644531,0.6837265922923661,0.9076524376869202,0.2827496105820016,98,,,,,,,,1277349,
2023-04-09,21,1628.4454698056968,21.48897075914673,20.0,20,,,,,,,,0.5343030464996971,0.7858564853668213,0.28274960763257284,64,,,,,,,,1274823,
2023-04-10,41,1535.706809983191,1613.1889186994376,8.0,8,,,,13.816863059997559,100.56218719482422,13.818188667297363,100.56430053710938,0.8032598445257091,4.02005672454834,0.28274958629837305,2724,,,,,,2520883,,,
2023-04-11,38,1881.161383954193,,38.0,38,,,,,,,,0.5656666159629822,0.5656666159629822,0.5656666159629822,40,63.79999923706055,63.79999923706055,63.79999923706055,,,,,2371315,
2023-04-12,126,1602.9070598655173,6078.855819647669,42.0,41,,,,13.757659912109375,100.56336975097656,13.824568748474121,100.57134246826172,0.7214191159734635,1.756395936012268,0.14062338544608025,10128,,,,,,4074753,,,
2023-04-13,166,1768.5976367933893,8276.419277729452,52.0,52,,,,13.727845191955566,100.49907684326172,13.824992179870605,100.57198333740234,0.7146174954113772,21.01974105834961,0.25447463899712053,13579,,,,,,7310440,,,
2023-04-14,54,1506.1161566431874,2729.372377310616,21.0,21,,,,13.816802024841309,100.562255859375,13.824992179870605,100.5708999633789,1.012516754348559,7.565366268157959,0.19766792108563278,4526,,,,,,2184576,,,
2023-04-15,1,1394.2500014305112,28.955532759743846,,,,,,,,,,0.2827495911239656,0.2827495911239656,0.2827495911239656,104,,,,,,,,,
2023-04-16,92,1653.3954045558758,4462.172322922118,40.0,40,,,,13.856204986572266,100.58515167236328,13.876038551330566,100.60028076171875,0.5709384441630632,1.7959720132292796,0.0702269351007314,7694,,,,,,5060714,,,
2023-04-17,,1394.2500014305115,3.958494613527029,,,,,,,,,,0.5336405038833619,0.5336405038833618,0.5336405038833618,27,,,,,,,,,
2023-04-18,18,1442.4032894414274,831.7705489225428,1.0,1,,,,,,,,0.8009409306311314,1.0476530167078344,0.26389964090180196,1470,,,,,,940360,,,
2023-04-19,93,1664.8571010946434,7887.074127321904,41.0,41,,,,13.719959259033203,100.5242919921875,13.89465618133545,100.61563873291016,0.5268861591796133,4.538393841854242,0.043322560120042895,8410,,,,,,5284542,,,
2023-04-20,155,1835.1488763634852,6358.9038343616,27.0,27,,,,13.718741416931152,100.50227355957031,13.824950218200684,100.57090759277344,0.6059061791048663,2.143683462022722,0.06960496964716797,11141,,,,,,8610084,,,
2023-04-21,50,1510.2376775877597,2403.980448788129,21.0,21,,,,13.81686019897461,100.56155395507812,13.825000762939453,100.57147979736328,0.32265404333294984,1.4664970285823085,0.2544746537267376,4153,,,,,,2265061,,,
2023-04-22,29,1481.1310643725237,1812.0770512708834,14.0,14,,,,13.763261795043945,100.54090881347656,13.824675559997559,100.57115936279297,0.847007938717481,10.033459663391113,0.2827495911239656,2844,,,,,,1696653,,,
2023-04-23,8,1416.5846420935527,461.9029058126788,3.0,3,,,,,,,,0.39326626158784467,1.243625869224058,0.2544746537267376,833,,,,,,436162,,,
2023-04-24,116,1760.6462799073288,5490.89615211377,37.0,37,,,,13.797006607055664,100.55216217041016,13.829338073730469,100.56975555419922,0.4686662154835608,2.059999942779541,0.06330313699543791,10098,,,,,,7155159,,,
2023-04-25,45,1529.6320157284554,2551.657595831189,19.0,18,,,,13.824701309204102,100.56644439697266,13.83371353149414,100.57172393798828,0.6529261294804464,4.343348503112793,0.06899043421786821,3688,,,,,,2643803,,,
2023-04-26,19,1448.068900196821,1097.6746701759826,11.0,11,,,,13.824862480163574,100.56694030761719,13.824992179870605,100.56744384765625,0.6015000628195213,1.2654442272083837,0.2827495911239656,1896,,,,,,1051001,,,
2023-04-27,11,1435.6714253729854,451.48800657219044,2.0,2,,,,,,,,0.7656300880821969,1.0594717956869768,0.28274959532975735,833,,,,,,808897,,,
2023-04-28,56,1555.798703488434,3011.6844412168844,36.0,36,,,,13.824670791625977,100.56665802001953,13.828136444091797,100.57078552246094,0.5883421861753491,1.4453422687309843,0.2827495890525345,5709,,,,,,3154799,,,
2023-04-29,100,1692.695748188119,5651.367332797077,47.0,47,,,,13.824017524719238,100.5663070678711,13.829631805419922,100.57076263427734,0.4672892651796026,2.283504849947001,0.2544746537267376,9281,,,,,,5828189,,,
2023-04-30,121,1746.8054826656987,6596.944534908322,64.0,64,,,,13.749460220336914,100.53163146972656,13.832056999206543,100.57141876220703,1.123419873903538,3.3399999141693115,0.23845589657993174,11062,,,,,,6884871,,,
2023-05-01,53,1551.574187506074,3403.531108720351,16.0,16,,,,13.733610153198242,100.52982330322266,13.74577808380127,100.53599548339844,0.507346970344988,3.55845090610666,0.2403561545842021,4198,,,,,,3072302,,,
2023-05-02,,1394.2500014305115,74.64589842650969,,,,,,,,,,0.4168585145616384,1.1128199100494385,0.2733246280768663,225,,,,,,,,,
2023-05-03,90,1609.8655720189097,3619.40517778744,22.0,22,,,,13.817533493041992,100.56352233886719,13.881309509277344,100.57066345214844,0.4980528246283653,2.421270246780819,0.05433397663009754,6474,,,,,,4210644,,,
2023-05-04,130,1749.3160279104948,5866.979129085102,42.0,42,,,,12.567026138305664,101.46208953857422,12.574617385864258,101.46810150146484,1.8756361272845843,26.500335693359375,0.10991862190440403,9959,,,,875233,,5998084,,,
2023-05-05,97,1676.3094873920147,5501.328935539794,42.0,42,,,,12.573920249938965,101.43838500976562,12.628667831420898,101.46221160888672,0.7569977921595687,1.7962817206912185,0.20659860703040053,8558,,,,,,5508193,,,
2023-05-06,89,1606.2010489896961,3741.2670810521586,14.0,14,,,,12.913944244384766,100.85807037353516,12.983529090881348,100.9172592163086,3.400326235177296,19.96164894104004,0.2544746537267376,6629,,,,,,4139080,,,
2023-05-07,41,1479.0089621944835,2603.2096152612758,18.0,18,,,,13.824670791625977,100.56640625,13.829015731811523,100.5710678100586,0.7371724271270919,2.3946151432478704,0.26389964090180196,3639,,,,,,1655214,,,
2023-05-08,2,1394.2500014305117,57.680921511393855,,,,,,,,,,0.41876786721599524,0.5547861267994176,0.28274960763257284,102,,,,,,,,,
2023-05-09,5,1402.4961163044104,144.20230377848463,,,,,,,,,,0.5128238591525359,0.7440779348735018,0.28274960895767853,308,,,,,,161034,,,
2023-05-10,1,1400.4639037599443,90.29598219667366,,,,,,,,,,0.31357941672663664,1.0457593163360415,0.2544746537267376,327,,,,,,121348,,,
2023-05-11,,1394.2500014305117,,,,,,,,,,,0.9988017082214355,0.9988017082214355,0.9988017082214355,165,,,,,,,,,
2023-05-12,60,1579.5750322844851,2488.2158778702524,10.0,10,,,,13.809232711791992,100.56733703613281,13.824914932250977,100.57109069824219,0.8275256065245171,1.8001938353951372,0.05851838877044278,4638,,,,,,3619116,,,
2023-05-13,71,1602.3745406919406,4053.3402507758606,18.0,18,,,,13.746369361877441,100.540283203125,13.81826114654541,100.57597351074219,0.7531066870702591,10.22494888305664,0.0701147651063019,5535,,,,,,4064356,,,
2023-05-14,,1394.2500014305115,,,,,,,,,,,,,,54,,,,,,,,,
2023-05-15,24,1443.8362788918319,1187.9068387409404,11.0,11,,,,13.824594497680664,100.56682586669922,13.82489013671875,100.57144165039062,0.4149524222054164,1.5050663081395355,0.2806116217562373,2082,,,,,,968345,,,
2023-05-16,1,1397.497465401306,59.9429184334093,,,,,,,,,,0.43972171428856366,0.7042331742458876,0.26389964090180196,146,,,,,,63418,,,
2023-05-17,2,1396.3363400814005,55.98442381988227,,,,,,,,,,0.6817272639974791,0.9264308214187622,0.2827496076325728,109,,,,,,40743,,,
2023-05-18,45,1489.4716832402555,1963.7053800066328,13.0,13,,,,13.735103607177734,100.53190612792969,13.82491683959961,100.57011413574219,0.5041364708840926,3.048721367302226,0.2733246280768663,3260,,,,,,1859534,,,
2023-05-19,2,1394.2500014305115,45.239938440308904,,,,,,,,,,0.3800330327173488,0.50559141170796,0.2544746537267376,239,,,,,,,,,
2023-05-20,2,1394.2500014305115,36.19195075224712,,,,,,,,,,0.350951737660534,0.36249950003320025,0.3394039752878677,111,,,,,,,,,
2023-05-21,4,1394.2500014305115,128.11594395402793,,,,,,,,,,0.5691462163240254,0.7682395065528749,0.2544746537267376,295,,,,,,,,,
2023-05-22,2,1396.6442495212502,67.2944084299595,,,,,,,,,,0.27403312227386856,0.47203608556248866,0.26389964090180196,191,,,,,,46756,,,
2023-05-23,,1394.2500014305115,,,,,,,,,,,,,,84,,,,,,,,,
2023-05-24,2,1405.6158180845473,77.47339457902899,,,,,,,,,,0.3044298166740788,0.3903840839047673,0.2733246280768663,273,,,,,,221957,,,
2023-05-25,45,1528.2121691839238,1741.377440939187,7.0,7,,,,13.74537467956543,100.5342025756836,13.7472505569458,100.53533935546875,0.5869029524009591,1.3235208419610593,0.009163793009371023,3719,,,,,,2616077,,,
2023-05-26,22,1446.8278116696997,1085.5011759721635,9.0,9,,,,13.824647903442383,100.56710052490234,13.824943542480469,100.57141876220703,0.9188175445029064,2.293429613075314,0.19717103924661566,1939,,,,,,1026764,,,
2023-05-27,1,1408.7984536251324,46.04719337132755,,,,,,,,,,0.32521817285789445,0.8876084089279175,0.28274958786343,165,,,,,,284109,,,
2023-05-28,3,1401.602549079169,145.01649102183663,,,,,,,,,,0.5554572081695794,0.9430548085214352,0.28274958786343,352,,,,,,143584,,,
2023-05-29,119,1676.4068665496159,4891.355173537919,27.0,27,,,,13.732871055603027,100.5283432006836,13.824990272521973,100.57063293457031,0.6691920645448988,14.38732624053955,0.03250479646999628,9040,,,,,,5510092,,,
2023-05-30,19,1461.5389724868483,956.7621488937793,8.0,8,,,,13.817838668823242,100.56379699707031,13.817838668823242,100.56379699707031,1.8295063589639649,6.1129302978515625,0.28274959559210694,1625,,,,,,1314051,,,
2023-05-31,45,1538.4207547050169,2441.7296045956373,27.0,27,,,,13.817105293273926,100.5624771118164,13.824921607971191,100.56997680664062,0.7361465233435699,3.263216035569754,0.09605402091788147,4458,,,,,,2815443,,,
2023-06-01,53,1527.287786120682,2173.391714565675,14.0,14,,,,13.735095024108887,100.5323257446289,13.824931144714355,100.5705795288086,0.427778528341631,1.5455667282539718,0.25396670710444585,3759,,,,,,2598024,,,
2023-06-02,,1394.2500014305115,15.268479223604256,,,,,,,,,,0.2544746537267376,0.2544746537267376,0.2544746537267376,100,,,,,,,,,
2023-06-03,47,1534.3740390404216,2290.7621436408836,13.0,13,,,,13.816786766052246,100.56196594238281,13.824905395507812,100.57124328613281,1.870101405572398,6.4976043701171875,0.07865627567196992,3854,,,,,,2736409,,,
2023-06-04,50,1495.198214491582,2785.8796826720045,24.0,24,,,,,,,,0.2888498506618145,1.5819153496062166,0.2544746537267376,4423,,,,,,1971365,,,
2023-06-05,35,1487.7119501816908,1907.6726571697095,16.0,16,,,,13.824872970581055,100.56719207763672,13.827299118041992,100.56979370117188,0.7793048508609857,1.4343452833776362,0.28274958788514626,3241,,,,,,1825168,,,
2023-06-06,,1394.2500014305115,24.316466911666037,,,,,,,,,,0.2827496118852376,0.2827496118852376,0.2827496118852376,43,,,,,,,,,
2023-06-07,6,1409.6171045838678,162.88994692907903,,,,,,,,,,0.3334877217013677,1.0533680649929964,0.28274958786343,310,,,,,,300096,,,
2023-06-08,1,1394.2500014305115,67.54167293216364,,,,,,,,,,0.6164422646862564,0.9501349302058928,0.2827495991666201,142,,,,,,,,,
2023-06-09,,1394.2500014305115,,,,,,,,,,,,,,34,,,,,,,,,
2023-06-10,53,1502.798785502514,3103.9375497177734,15.0,15,,,,13.82388687133789,100.56609344482422,13.82960319519043,100.57100677490234,1.0517811467064229,23.87689971923828,0.2187150691023805,4244,,,,,,2119792,,,
2023-06-11,5,1398.2012584066767,126.67182763286493,,,,,,,,,,0.4493993375245008,0.6174991052353298,0.2827495991666201,284,,,,,,77162,,,
2023-06-12,24,1468.966818312439,1638.4587638424648,18.0,18,,,,13.823196411132812,100.56645202636719,13.824909210205078,100.57042694091797,0.7172528083076603,1.3178373260457643,0.26389964090180196,2767,,,,,,1459107,,,
2023-06-13,3,1405.0631890017507,113.31677900367913,,,,,,,,,,0.5032753567396683,0.9589172827312857,0.26389964090180196,341,,,,,,211165,,,
2023-06-14,1,1394.2500014305115,140.80930839546144,,,,,,,,,,0.37152773344104667,0.6339677438185817,0.28274958786343,480,,,,,,,,,
2023-06-15,29,1431.8230494730374,946.530052439441,,,,,,,,,,0.4637493487658168,1.3417162514348544,0.28274959559210694,1793,,,,,,733745,,,
2023-06-16,35,1497.9666567148124,1901.4593317862739,2.0,2,,,,12.665460586547852,101.23567199707031,12.665592193603516,101.23846435546875,4.014491584443764,28.088651657104492,0.2544746537267376,2697,,,,,,2025428,,,
2023-06-17,63,1578.0530793173907,3444.2082726335543,27.0,27,,,,13.75751781463623,100.54239654541016,13.823878288269043,100.56651306152344,0.5872664741979484,50.619998931884766,0.24725829607991673,5502,,,,,,3589393,,,
2023-06-18,98,1678.610352564711,5203.186042081298,51.0,51,,,,13.761521339416504,100.53699493408203,13.824963569641113,100.57159423828125,0.5855306159208854,1.6744291794776713,0.060732574053077,9217,,,,,,5553123,,,
2023-06-19,2,1402.8243550387258,72.94940073499811,,,,,,,,,,0.29321630505577084,0.5762559822546727,0.2544746537267376,189,,,,,,167444,,,
2023-06-20,16,1439.5098214603115,1037.1733043324373,13.0,13,,,,13.824542045593262,100.56715393066406,13.824958801269531,100.57050323486328,0.9789435088784759,1.2656794306138812,0.2827495911239656,1769,,,,,,883855,,,
2023-06-21,,1394.2500014305115,,,,,,,,,,,,,,46,,,,,,,,,
2023-06-22,,1394.2500014305112,37.888448443758705,,,,,,,,,,0.2827495967320871,0.28274960560074414,0.28274958786343,137,,,,,,,,,
2023-06-23,133,1749.2881209667457,6383.860838656806,51.0,51,,,,13.732833862304688,100.52998352050781,13.824942588806152,100.5693588256836,0.6907555853885845,1.9316336418269673,0.19554611895904367,11079,,,,,,6933351,,,
2023-06-24,40,1517.8446915889735,1797.5945442022144,10.0,10,,,,13.817694664001465,100.56316375732422,13.824851989746094,100.57090759277344,0.7594642243690058,1.3752121592815187,0.1908427920634807,3229,,,,,,2413617,,,
2023-06-25,116,1711.3734887324194,4542.134635436191,24.0,24,,,,13.719942092895508,100.50299072265625,13.824397087097168,100.56692504882812,0.5788461667102717,1.3586529040346755,0.02191804513055803,7673,,,,527251,,4390311,543243,,
2023-06-26,,1394.2500014305115,,,,,,,,,,,,,,127,,,,,,,,,
2023-06-27,,1394.2500014305115,,,,,,,,,,,,,,,,,,,,,,,
2023-06-28,,1394.2500014305115,,,,,,,,,,,,,,12,,,,,,,,,
2023-06-29,122,1694.517932265402,5679.948810163764,31.0,31,,,,13.735002517700195,100.53085327148438,13.824678421020508,100.57101440429688,0.6128733071753348,1.7465222334265915,0.2691345640735643,9477,,,,,,5863773,,,
2023-06-30,,1394.2500014305115,,,,,,,,,,,,,,13,,,,,,,,,
2023-07-01,64,1594.355784222404,3951.702119264829,13.0,13,,,,13.815842628479004,100.56048583984375,13.831384658813477,100.5716323852539,0.46314198306940607,2.4827587693342785,0.03903978165639196,5031,,,,,,3906931,,,
2023-07-02,79,1595.9452774001775,3448.372163913459,16.0,15,,,,13.733431816101074,100.5280532836914,13.764504432678223,100.53922271728516,0.9652656932427122,5.599804878234863,0.1738170917872287,6137,,,,,,3938801,,,
2023-07-03,97,1674.5692089892088,5296.161962893741,45.0,45,,,,13.763618469238281,100.5377197265625,13.82496166229248,100.57132720947266,0.4732432720879852,1.8546426099837858,0.2814668679608444,8196,,,,,,5474206,,,
2023-07-04,43,1506.6674485687402,1712.2179901637837,5.0,5,,,,,,,,0.5296561631882125,4.96977424621582,0.2526698698893258,3036,,,,,,2195340,,,
2023-07-05,60,1555.9452459772297,3485.887012156479,24.0,24,,,,13.734306335449219,100.52838897705078,13.820730209350586,100.56412506103516,0.5610222203573327,2.3956565574681883,0.2660013844146257,5048,,,,,,3157661,,,
2023-07-06,,1394.2500014305115,,,,,,,,,,,,,,21,,,,,,,,,
2023-07-07,172,1892.4977399886498,7670.318241586961,50.0,50,,,,13.732447624206543,100.5282974243164,13.82492446899414,100.5705337524414,0.4653747739839814,2.861175060272217,0.13212773876240927,13974,,,,,,9730017,,,
2023-07-08,,1394.2500014305115,,,,,,,,,,,,,,82,,,,,,,,,
2023-07-09,,1394.2500014305117,,,,,,,,,,,,,,45,,,,,,,,,
2023-07-10,,1397.5122131010694,22.619969220154452,,,,,,,,,,0.28274958629837305,0.28274958629837305,0.28274958629837305,101,,,,,,63706,,,
2023-07-11,82,1659.2599875754686,4062.92804290299,28.0,28,,,,13.734867095947266,100.53186798095703,13.824918746948242,100.57142639160156,0.637743103778998,2.8155934673232164,0.1039733895872064,6832,,,,,,4760237,181976,,
2023-07-12,66,1575.0829574487748,3198.534854459786,22.0,22,,,,13.735654830932617,100.53105163574219,13.737076759338379,100.53400421142578,0.5947309867005643,1.4896605111781798,0.26389964090180196,5448,,,,,,3531391,,,
2023-07-13,76,1614.0449606996463,3855.270009869199,21.0,21,,,,13.73440170288086,100.53197479248047,13.825223922729492,100.57147979736328,0.7237834072669735,3.1520583395638795,0.18950498222902906,6217,,,,,,4292258,,,
2023-07-14,73,1608.6554159843495,3804.7855664076255,29.0,29,,,,13.735160827636719,100.52954864501953,13.825077056884766,100.57099151611328,0.6741988507394906,3.6348855790640875,0.28274959457081744,6295,,,,,,4187011,,,
2023-07-15,85,1652.3523515485092,4297.505468477983,18.0,18,,,,13.824677467346191,100.56793975830078,13.832504272460938,100.57170104980469,0.40808895380919147,1.8440855219107104,0.13103200944257723,7130,,,,,,5040343,,,
2023-07-16,2,1405.211982438465,55.418924589378406,,,,,,,,,,0.43423082499686705,0.5857120501426327,0.2827495998511014,179,,,,,,214071,,,
2023-07-17,65,1576.5585000956544,3302.0473446336896,26.0,26,,,,13.7350435256958,100.53048706054688,13.824987411499023,100.57147979736328,0.7789750417294784,4.025587152052229,0.2670412876419035,5382,,,,,,3560207,,,
2023-07-18,94,1655.8079009883095,5452.013894013868,55.0,54,,,,13.73244857788086,100.5298080444336,13.83183765411377,100.57145690917969,0.5686668450738661,1.9675611102286064,0.24200077159115566,8613,,,,,,5107827,,,
2023-07-19,,1398.2462184080384,31.667956908216233,,,,,,,,,,0.5360171333321206,0.7892846402763253,0.28274962638791595,131,,,,,,78040,,,
2023-07-20,66,1512.7626888508269,3025.8605479764324,17.0,17,,,,,,,,0.6270976571372235,3.410343885421753,0.2827495911239656,5144,,,,,,2314372,,,
2023-07-21,2,1404.1643474255518,34.7435269177735,,,,,,,,,,0.5224494062518944,0.5224494062518944,0.5224494062518944,208,,,,,,193612,,,
2023-07-22,6,1398.47424447417,171.91176607317382,,,,,,,,,,0.2828233667089873,0.31985251324994507,0.2827495991666201,457,,,,,,82493,,,
2023-07-23,65,1534.2806720583444,3070.4212699734167,23.0,23,,,,13.824217796325684,100.56645202636719,13.828636169433594,100.56885528564453,0.5455578588137157,1.4150924829797094,0.2733246280768663,5096,,,,,,2734583,,,
2023-07-24,137,1761.1995208927738,6377.855486888583,64.0,64,,,,13.732824325561523,100.52635955810547,13.824945449829102,100.57115173339844,0.6384622708222494,1.4510397097355283,0.15841920368658755,11470,,,,,,7165964,,,
2023-07-25,18,1421.4344729441855,639.5053492069112,,,,,,,,,,0.3916506025514014,0.9409774895313878,0.2544746537267376,1429,,,,,,530872,,,
2023-07-26,118,1735.216565824012,5510.70055670752,38.0,38,,,,13.735404014587402,100.530517578125,13.824918746948242,100.57144165039062,0.6671852121650969,2.081546475703281,0.1435473792561266,10022,,,,,,6658557,,,
2023-07-27,74,1550.9459566271537,2915.320802805965,11.0,10,,,,13.880525588989258,100.5643081665039,13.881312370300293,100.56498718261719,0.5016783991255399,1.9022694265316669,0.26389964090180196,5546,,,,,,3060033,,,
2023-07-28,99,1563.2499754651108,4764.487782668176,36.0,36,,,,13.71390438079834,100.47616577148438,13.752362251281738,100.53170776367188,0.9532534464420206,3.4760468563817053,0.17925806377369144,8218,,,,,,3300312,,,
2023-07-29,59,1581.9598606092152,3136.019941283187,28.0,28,,,,13.743001937866211,100.48865509033203,13.824929237365723,100.57121276855469,0.5973586510886424,2.1782566458595563,0.09324342379715482,5420,,,,,,3665686,,,
2023-07-30,1,1394.2500014305115,24.881966142169897,,,,,,,,,,0.2827496020912219,0.2827496020912219,0.2827496020912219,44,,,,,,,,,
2023-07-31,76,1628.198926025424,4651.878157583809,58.0,58,,,,13.817955017089844,100.5634765625,13.83236026763916,100.5716323852539,0.8049723983419146,1.9895698429536597,0.11695125543256306,7881,,,,,,4568666,,,
2023-08-01,1,916.7076008681106,33.929953830231675,,,,,,,,,,0.30401838788715474,0.32528717861835305,0.28274959715595643,117,,,,,,,,,
